id,quote,description,category,source
202608_01,今日の自分に、もう一度声をかけてみよう。,元気が出ない朝でも、小さな声かけが一日の温度を変えます。自分を応援する言葉は、誰より先に自分へ向けてよいのです。,cheer,オリジナル
202608_02,急がなくていい。呼吸はまだここにある。,焦りで頭がいっぱいのときは、今の呼吸に戻ると心が静まります。速さより、ここにいる感覚を先に取り戻しましょう。,calm,オリジナル
202608_03,最初の一歩は、完走より勇敢だ。,始める前がいちばん勇気が要ります。小さく踏み出せば、道はあとから見えてきます。,forward,オリジナル
202608_04,足りないところも、今日の自分の一部だ。,欠けていると感じる部分を消さなくても、あなたはここにいてよいのです。受け入れたところから、やさしい気持ちが戻ってきます。,accept,オリジナル
202608_05,小さな元気は、積み重ねても壊れない。,大きな活力がなくても、短い散歩や一杯の温かい飲み物で十分です。小さな元気を重ねることが、回復の近道になります。,cheer,オリジナル
202608_06,考えすぎた頭は、肩の力を抜けば静まる。,不安は肩や顎に残りやすいものです。一度力を抜くと、思考の音も小さくなります。,calm,オリジナル
202608_07,未完成のままで、扉を開けてよい。,準備がすべて揃うのを待つと、始め時を逃します。未完成でも進むことが、次の自分を連れてきます。,forward,オリジナル
202608_08,うまくやれなかった日を、否定しなくていい。,成果が出ない日も、あなたの価値は減りません。その日を責めるより、まず「今日も来た」と認めてあげましょう。,accept,オリジナル
202608_09,立ち止まった足も、まだ前を向いている。,休めている自分を、後退だと決めつけないでください。向きが前なら、また歩き出せます。,cheer,オリジナル
202608_10,今この部屋の音だけを、数えてみる。,頭の中の会話を止める必要はありません。外の音を数えるだけで、心は一段やわらかくなります。,calm,オリジナル
202608_11,昨日の続きではなく、今日の一ページを書く。,昨日の失敗を引きずらなくても、今日は新しいページです。一行だけでよいので、自分の手で書いてみましょう。,forward,オリジナル
202608_12,比べる相手を、自分の昨日に戻す。,他人の速さは、あなたの道しるべではありません。昨日の自分より少し楽なら、それは前進です。,accept,オリジナル
202608_13,笑顔は、先に作ってもいい。,気分が追いつく前に、口角を上げても構いません。小さな笑顔が、元気の入口になることがあります。,cheer,オリジナル
202608_14,答えは、焦ると遠ざかる。,急いで結論を出すほど、本当に欲しい答えは見えにくくなります。一拍おくことが、近道になる夜もあります。,calm,オリジナル
202608_15,遠回りも、地図の一部になる。,まっすぐ行けなかった道も、あとから見ると必要な線です。寄り道を、無駄だと切り捨てないでください。,forward,オリジナル
202608_16,休むことは、諦めることではない。,立ち止まることは、終わりの合図ではありません。力を戻すための、いちばん誠実な選択です。,accept,オリジナル
202608_17,疲れた日ほど、温かい一杯を自分に。,頑張りの続きより、まず体を労わることが元気の土台です。自分への一杯は、立派な回復です。,cheer,オリジナル
202608_18,波は引く。今日のざわめきも同じ。,強い感情は、ずっと岸に居座りません。今のざわめきも、時間とともに形を変えていきます。,calm,オリジナル
202608_19,勇気は、準備が揃ってから来ない。,揃ってから動こうとすると、勇気は後回しになります。先に一歩出すと、準備はあとからついてきます。,forward,オリジナル
202608_20,弱さを隠さなくても、あなたはここにいていい。,強い自分だけを見せる必要はありません。弱い夜も、あなたの一部としてここに置いておけます。,accept,オリジナル
202608_21,うまくいかない朝も、夜には別の自分でいられる。,朝の不調が一日を決めつける必要はありません。夜の自分は、朝と違っていてよいのです。,cheer,オリジナル
202608_22,一拍おく勇気が、いちばんの速さになることもある。,止まると遅れそうで怖いときほど、一呼吸が進路を整えます。速さは、焦りとは別のものです。,calm,オリジナル
202608_23,小さく始めて、大きく続く。,壮大な計画より、今日できる一手が続きを作ります。小さな開始が、大きな持続になります。,forward,オリジナル
202608_24,できたことより、ここにいることを先に認める。,成果の前に、今日まで来た自分を認めてください。存在を認めることが、次の行動の土台です。,accept,オリジナル
202608_25,応援は、自分から始めてよい。,誰かの声を待つ前に、自分の肩を叩いてあげましょう。自分への応援は、遠慮しなくて大丈夫です。,cheer,オリジナル
202608_26,夜の暗さは、休みの合図。,暗さを敵にしないでください。休むタイミングを知らせる、やさしい合図です。,calm,オリジナル
202608_27,次の自分は、今日の選択の隣にいる。,未来の自分は遠い場所にはいません。今日選んだ一歩のすぐ隣に、もう立っています。,forward,オリジナル
202608_28,完璧でない朝も、あなたの朝だ。,整わない朝を失敗だと思わなくてよいのです。不完全なまま始まる一日も、ちゃんとあなたの一日です。,accept,オリジナル
202608_29,光は、窓を開けた側から入る。,閉じたまま待つのではなく、少しだけ窓を開けてみましょう。元気は、開いた隙間から入ってきます。,cheer,オリジナル
202608_30,整えなくていい。まず座って、息を吐く。,部屋も予定も、今すぐ完璧にしなくて大丈夫です。座って息を吐くことが、いちばん最初の整頓です。,calm,オリジナル
